{
    "mermaid_no_crop": {
        "precision": [
            0.6086956521739131,
            0.0,
            0.8333333333333334,
            0.16666666666666666,
            0.4166666666666667,
            0.8571428571428571,
            0.23684210526315788,
            0.8461538461538461,
            0.0
        ],
        "recall": [
            0.5,
            0.0,
            0.7142857142857143,
            0.14285714285714285,
            0.38461538461538464,
            0.8,
            0.18,
            0.8461538461538461,
            0.0
        ],
        "f1_score": [
            0.5490196078431373,
            0.0,
            0.7692307692307692,
            0.15384615384615383,
            0.4,
            0.8275862068965518,
            0.20454545454545453,
            0.8461538461538461,
            0.0
        ]
    },
    "mermaid_crop": {
        "precision": [
            0.2391304347826087,
            0.16666666666666666,
            0.3076923076923077,
            0.2413793103448276,
            0.2222222222222222,
            0.25925925925925924,
            0.25882352941176473,
            0.4117647058823529,
            0.38095238095238093
        ],
        "recall": [
            0.39285714285714285,
            0.23076923076923078,
            0.5714285714285714,
            0.5,
            0.46153846153846156,
            0.4666666666666667,
            0.44,
            0.5384615384615384,
            0.8
        ],
        "f1_score": [
            0.2972972972972973,
            0.1935483870967742,
            0.4,
            0.32558139534883723,
            0.3,
            0.33333333333333337,
            0.32592592592592595,
            0.4666666666666667,
            0.5161290322580645
        ]
    },
    "mermaid_with_nodes_no_crop": {
        "precision": [],
        "recall": [],
        "f1_score": []
    },
    "mermaid_with_nodes_crop": {
        "precision": [
            0.5,
            0.0,
            0.75,
            0.6923076923076923,
            0.7222222222222222,
            0.6666666666666666,
            0.4696969696969697,
            0.125,
            0.34782608695652173
        ],
        "recall": [
            0.6071428571428571,
            0.0,
            0.8571428571428571,
            0.6428571428571429,
            1.0,
            0.8,
            0.62,
            0.23076923076923078,
            0.8
        ],
        "f1_score": [
            0.5483870967741935,
            0.0,
            0.7999999999999999,
            0.6666666666666666,
            0.8387096774193548,
            0.7272727272727272,
            0.5344827586206896,
            0.16216216216216217,
            0.48484848484848486
        ]
    },
    "no_crop": {
        "precision": [],
        "recall": [],
        "f1_score": []
    },
    "crop": {
        "precision": [],
        "recall": [],
        "f1_score": []
    },
    "with_nodes_no_crop": {
        "precision": [],
        "recall": [],
        "f1_score": []
    },
    "with_nodes_crop": {
        "precision": [],
        "recall": [],
        "f1_score": []
    }
}