{
    "mermaid_no_crop": {
        "precision": [
            0.6086956521739131,
            0.0,
            0.8333333333333334,
            0.16666666666666666,
            0.4166666666666667,
            0.8571428571428571,
            0.23684210526315788,
            0.8461538461538461,
            0.0
        ],
        "recall": [
            0.5,
            0.0,
            0.7142857142857143,
            0.14285714285714285,
            0.38461538461538464,
            0.8,
            0.18,
            0.8461538461538461,
            0.0
        ],
        "f1_score": [
            0.5490196078431373,
            0.0,
            0.7692307692307692,
            0.15384615384615383,
            0.4,
            0.8275862068965518,
            0.20454545454545453,
            0.8461538461538461,
            0.0
        ]
    },
    "mermaid_crop": {
        "precision": [
            0.2391304347826087,
            0.16666666666666666,
            0.3076923076923077,
            0.2413793103448276,
            0.2222222222222222,
            0.25925925925925924,
            0.25882352941176473,
            0.4117647058823529,
            0.38095238095238093
        ],
        "recall": [
            0.39285714285714285,
            0.23076923076923078,
            0.5714285714285714,
            0.5,
            0.46153846153846156,
            0.4666666666666667,
            0.44,
            0.5384615384615384,
            0.8
        ],
        "f1_score": [
            0.2972972972972973,
            0.1935483870967742,
            0.4,
            0.32558139534883723,
            0.3,
            0.33333333333333337,
            0.32592592592592595,
            0.4666666666666667,
            0.5161290322580645
        ]
    },
    "mermaid_with_nodes_no_crop": {
        "precision": [
            0.7407407407407407,
            0.0,
            0.7142857142857143,
            0.7142857142857143,
            0.7777777777777778,
            0.8125,
            0.32432432432432434,
            0.0,
            0.7
        ],
        "recall": [
            0.7142857142857143,
            0.0,
            0.7142857142857143,
            0.7142857142857143,
            0.5384615384615384,
            0.8666666666666667,
            0.24,
            0.0,
            0.7
        ],
        "f1_score": [
            0.7272727272727273,
            0.0,
            0.7142857142857143,
            0.7142857142857143,
            0.6363636363636364,
            0.8387096774193549,
            0.27586206896551724,
            0.0,
            0.7
        ]
    },
    "mermaid_with_nodes_crop": {
        "precision": [
            0.5,
            0.0,
            0.75,
            0.6923076923076923,
            0.7222222222222222,
            0.6666666666666666,
            0.4696969696969697,
            0.125,
            0.34782608695652173
        ],
        "recall": [
            0.6071428571428571,
            0.0,
            0.8571428571428571,
            0.6428571428571429,
            1.0,
            0.8,
            0.62,
            0.23076923076923078,
            0.8
        ],
        "f1_score": [
            0.5483870967741935,
            0.0,
            0.7999999999999999,
            0.6666666666666666,
            0.8387096774193548,
            0.7272727272727272,
            0.5344827586206896,
            0.16216216216216217,
            0.48484848484848486
        ]
    },
    "no_crop": {
        "precision": [
            0.6666666666666666,
            1.0,
            0.7142857142857143,
            0.6666666666666666,
            0.7272727272727273,
            0.7333333333333333,
            0.16666666666666666,
            0.9230769230769231,
            0.0
        ],
        "recall": [
            0.5,
            1.0,
            0.7142857142857143,
            0.5714285714285714,
            0.6153846153846154,
            0.7333333333333333,
            0.12,
            0.9230769230769231,
            0.0
        ],
        "f1_score": [
            0.5714285714285715,
            1.0,
            0.7142857142857143,
            0.6153846153846153,
            0.6666666666666667,
            0.7333333333333333,
            0.13953488372093023,
            0.9230769230769231,
            0.0
        ]
    },
    "crop": {
        "precision": [
            0.5476190476190477,
            1.0,
            0.6666666666666666,
            0.5625,
            0.55,
            0.6666666666666666,
            0.4492753623188406,
            0.6470588235294118,
            0.17857142857142858
        ],
        "recall": [
            0.8214285714285714,
            1.0,
            0.8571428571428571,
            0.6428571428571429,
            0.8461538461538461,
            0.8,
            0.62,
            0.8461538461538461,
            0.5
        ],
        "f1_score": [
            0.6571428571428571,
            1.0,
            0.75,
            0.6000000000000001,
            0.6666666666666667,
            0.7272727272727272,
            0.5210084033613446,
            0.7333333333333334,
            0.2631578947368421
        ]
    },
    "with_nodes_no_crop": {
        "precision": [
            0.75,
            1.0,
            0.6,
            0.5833333333333334,
            0.8,
            0.7142857142857143,
            0.15,
            0.9230769230769231,
            0.0
        ],
        "recall": [
            0.5357142857142857,
            1.0,
            0.42857142857142855,
            0.5,
            0.6153846153846154,
            0.6666666666666666,
            0.12,
            0.9230769230769231,
            0.0
        ],
        "f1_score": [
            0.6250000000000001,
            1.0,
            0.5,
            0.5384615384615384,
            0.6956521739130435,
            0.689655172413793,
            0.1333333333333333,
            0.9230769230769231,
            0.0
        ]
    },
    "with_nodes_crop": {
        "precision": [
            0.48484848484848486,
            1.0,
            0.625,
            0.7142857142857143,
            0.47368421052631576,
            0.75,
            0.6037735849056604,
            0.6111111111111112,
            0.30434782608695654
        ],
        "recall": [
            0.5714285714285714,
            1.0,
            0.7142857142857143,
            0.7142857142857143,
            0.6923076923076923,
            0.8,
            0.64,
            0.8461538461538461,
            0.7
        ],
        "f1_score": [
            0.5245901639344263,
            1.0,
            0.6666666666666666,
            0.7142857142857143,
            0.5625,
            0.7741935483870969,
            0.6213592233009708,
            0.7096774193548387,
            0.42424242424242425
        ]
    }
}